Bus_name,Bus_type,Start_time,End_time,Total_duration,Price,Seats_Available,Ratings,Route_link,Route_name
Purple Wings Coaches,A/C Seater / Sleeper (2+1),04:05,06:00,01h 55m,INR 450,36 Seats available,"3.7
18",https://www.redbus.in/bus-tickets/nagaon-to-guwahati,Nagaon (Assam) to Guwahati
NEELKANTH TRAVELS,A/C Seater Push Back (2+2),06:25,08:30,02h 05m,INR 275,41 Seats available,"4.5
39",https://www.redbus.in/bus-tickets/nagaon-to-guwahati,Nagaon (Assam) to Guwahati
Kanchan Travels,AC Seater (2+2),06:35,08:30,01h 55m,INR 288.2,31 Seats available,"4.6
9",https://www.redbus.in/bus-tickets/nagaon-to-guwahati,Nagaon (Assam) to Guwahati
Mahi Travels(Under ASTC),A/C Seater (2+2),06:50,08:55,02h 05m,312,40 Seats available,"4.5
5",https://www.redbus.in/bus-tickets/nagaon-to-guwahati,Nagaon (Assam) to Guwahati
Orient Transline,A/C Seater (2+1),07:00,09:00,02h 00m,INR 333.33,37 Seats available,"4.7
21",https://www.redbus.in/bus-tickets/nagaon-to-guwahati,Nagaon (Assam) to Guwahati
Orient Transline,A/C Seater (2+1),08:00,10:10,02h 10m,INR 333.33,32 Seats available,"4.5
9",https://www.redbus.in/bus-tickets/nagaon-to-guwahati,Nagaon (Assam) to Guwahati
Mahi Travels(Under ASTC),A/C Seater (2+2),09:10,11:40,02h 30m,364,42 Seats available,"4.9
38",https://www.redbus.in/bus-tickets/nagaon-to-guwahati,Nagaon (Assam) to Guwahati
Orient Transline,A/C Seater (2+1),08:50,11:00,02h 10m,INR 333.33,36 Seats available,"4.5
33",https://www.redbus.in/bus-tickets/nagaon-to-guwahati,Nagaon (Assam) to Guwahati
Anindita Travels,NON A/C Seater (2+1),09:15,11:30,02h 15m,INR 400,37 Seats available,"4.1
8",https://www.redbus.in/bus-tickets/nagaon-to-guwahati,Nagaon (Assam) to Guwahati
NETWORK TRAVELS,NON A/C Seater (2+2),10:00,14:30,04h 30m,INR 350,40 Seats available,3.8,https://www.redbus.in/bus-tickets/nagaon-to-guwahati,Nagaon (Assam) to Guwahati
TRINAYAN TRANSPORT (Under ASTC),A/C Seater (2+1),12:15,14:30,02h 15m,420,34 Seats available,"3.7
19",https://www.redbus.in/bus-tickets/nagaon-to-guwahati,Nagaon (Assam) to Guwahati
Baikuntha Transport Service,Bharat Benz A/C Seater (2+1),14:00,17:00,03h 00m,400,29 Seats available,"3.5
23",https://www.redbus.in/bus-tickets/nagaon-to-guwahati,Nagaon (Assam) to Guwahati
Nishigandha(Divya Tours & Travels),A/C Seater / Sleeper (2+1),15:15,17:50,02h 35m,380,37 Seats available,New,https://www.redbus.in/bus-tickets/nagaon-to-guwahati,Nagaon (Assam) to Guwahati
Chartered Bus - ASTC,Volvo AC Seater Pushback 2+2,14:30,17:00,02h 30m,INR 291.57,36 Seats available,"4.4
93",https://www.redbus.in/bus-tickets/nagaon-to-guwahati,Nagaon (Assam) to Guwahati
Ortive Travels,Bharat Benz A/C Seater (2+1),14:45,17:00,02h 15m,INR 400,38 Seats available,3.5,https://www.redbus.in/bus-tickets/nagaon-to-guwahati,Nagaon (Assam) to Guwahati
SHIVAM TRAVELS,NON A/C Seater (2+2),16:45,19:15,02h 30m,INR 390,36 Seats available,"4.5
28",https://www.redbus.in/bus-tickets/nagaon-to-guwahati,Nagaon (Assam) to Guwahati
Chartered Bus - ASTC,Volvo AC Seater Pushback 2+2,17:00,19:15,02h 15m,INR 291.57,38 Seats available,"4.6
90",https://www.redbus.in/bus-tickets/nagaon-to-guwahati,Nagaon (Assam) to Guwahati
Kareng Travels,Non AC Seater (2+2),07:15,09:30,02h 15m,285,45 Seats available,2.9,https://www.redbus.in/bus-tickets/nagaon-to-guwahati,Nagaon (Assam) to Guwahati
Mahi Travels(Under ASTC),Bharat Benz A/C Seater (2+2),07:15,09:40,02h 25m,301,35 Seats available,"2.8
14",https://www.redbus.in/bus-tickets/nagaon-to-guwahati,Nagaon (Assam) to Guwahati
Pranjit Travels (Under ASTC),Non AC Seater (2+1),11:55,15:00,03h 05m,360,37 Seats available,2.4,https://www.redbus.in/bus-tickets/nagaon-to-guwahati,Nagaon (Assam) to Guwahati
Pranjit Travels (Under ASTC),Non AC Seater (2+1),13:00,15:45,02h 45m,270,28 Seats available,"1.9
5",https://www.redbus.in/bus-tickets/nagaon-to-guwahati,Nagaon (Assam) to Guwahati
Pranjit Travels (Under ASTC),Non AC Seater (2+1),13:45,16:45,03h 00m,315,37 Seats available,2.4,https://www.redbus.in/bus-tickets/nagaon-to-guwahati,Nagaon (Assam) to Guwahati
Puja (Kaybom),A/C Seater Push Back (2+2),07:50,10:00,02h 10m,314,40 Seats available,2.8,https://www.redbus.in/bus-tickets/nagaon-to-guwahati,Nagaon (Assam) to Guwahati
Kareng Travels,Non AC Seater (2+1),14:15,16:45,02h 30m,INR 300,32 Seats available,"1.3
5",https://www.redbus.in/bus-tickets/nagaon-to-guwahati,Nagaon (Assam) to Guwahati
Christina Travels,NON A/C Seater (2+2),16:00,18:20,02h 20m,650,45 Seats available,3.2,https://www.redbus.in/bus-tickets/nagaon-to-guwahati,Nagaon (Assam) to Guwahati
Assam State Transport Corporation (ASTC) - 142178,Bharat Benz A/C Seater (2+2),06:45,13:00,06h 15m,INR 405,10 Seats available,"4.0
159",https://www.redbus.in/bus-tickets/jorhat-to-north-lakhimpur,Jorhat to North Lakhimpur
Padmanav Travels,NON A/C Seater Push Back (2+2),06:00,13:45,07h 45m,561,33 Seats available,"2.4
29",https://www.redbus.in/bus-tickets/jorhat-to-north-lakhimpur,Jorhat to North Lakhimpur
Assam State Transport Corporation (ASTC) - 147480,Bharat Benz A/C Seater (2+2),05:55,09:00,03h 05m,INR 213,30 Seats available,"4.0
275",https://www.redbus.in/bus-tickets/dhekiajuli-to-guwahati,Dhekiajuli to Guwahati
Upasana Travels (Under ASTC),A/C Seater (2+2),07:15,10:40,03h 25m,INR 235,23 Seats available,"2.2
21",https://www.redbus.in/bus-tickets/dhekiajuli-to-guwahati,Dhekiajuli to Guwahati
Assam State Transport Corporation (ASTC) - 152652,Bharat Benz A/C Seater (2+2),06:30,13:00,06h 30m,INR 399,20 Seats available,"4.5
86",https://www.redbus.in/bus-tickets/north-lakhimpur-to-jorhat,North Lakhimpur to Jorhat
Padmanav Travels,NON A/C Seater Push Back (2+2),05:30,13:35,08h 05m,561,41 Seats available,"3.0
19",https://www.redbus.in/bus-tickets/north-lakhimpur-to-jorhat,North Lakhimpur to Jorhat
Priyanka,Non AC Seater (2+1),17:30,05:00,11h 30m,INR 600,34 Seats available,3.7,https://www.redbus.in/bus-tickets/north-lakhimpur-to-jorhat,North Lakhimpur to Jorhat
Assam State Transport Corporation (ASTC) - 142178,Bharat Benz A/C Seater (2+2),06:45,11:20,04h 35m,INR 296,11 Seats available,"3.5
58",https://www.redbus.in/bus-tickets/jorhat-to-dhemaji,Jorhat to Dhemaji
NETWORK TRAVELS,Non A/C Seater / Sleeper (2+1),00:30,05:30,05h 00m,500,43 Seats available,"4.2
11",https://www.redbus.in/bus-tickets/jorhat-to-tinsukia,Jorhat to Tinsukia
Purple Wings Coaches,A/C Seater / Sleeper (2+1),01:15,05:05,03h 50m,602,35 Seats available,"3.5
9",https://www.redbus.in/bus-tickets/jorhat-to-tinsukia,Jorhat to Tinsukia
Purple Wings Coaches,A/C Seater / Sleeper (2+1),01:20,05:15,03h 55m,621,22 Seats available,3.5,https://www.redbus.in/bus-tickets/jorhat-to-tinsukia,Jorhat to Tinsukia
NETWORK TRAVELS,NON A/C Seater Push Back (2+1),04:01,09:30,05h 29m,500,31 Seats available,"4.5
13",https://www.redbus.in/bus-tickets/jorhat-to-tinsukia,Jorhat to Tinsukia
Aniruddha Travels,AC Seater (2+2),11:45,17:30,05h 45m,475,42 Seats available,"3.9
32",https://www.redbus.in/bus-tickets/jorhat-to-tinsukia,Jorhat to Tinsukia
Aroti Travels (Under ASTC),Non AC Seater (2+2),12:20,17:50,05h 30m,360,37 Seats available,"3.6
23",https://www.redbus.in/bus-tickets/jorhat-to-tinsukia,Jorhat to Tinsukia
Christina Travels,NON A/C Seater (2+2),12:30,18:00,05h 30m,450,45 Seats available,3.2,https://www.redbus.in/bus-tickets/jorhat-to-tinsukia,Jorhat to Tinsukia
Atlanta Travels,Volvo A/C Seater (2+2),12:45,18:15,05h 30m,540,43 Seats available,New,https://www.redbus.in/bus-tickets/jorhat-to-tinsukia,Jorhat to Tinsukia
Chartered Bus - ASTC,Volvo AC Seater Pushback 2+2,13:30,18:30,05h 00m,INR 734.02,29 Seats available,"4.5
60",https://www.redbus.in/bus-tickets/jorhat-to-tinsukia,Jorhat to Tinsukia
MADHURIKA TRAVELS,A/C Seater (2+1),12:45,18:00,05h 15m,INR 600,33 Seats available,"1.8
8",https://www.redbus.in/bus-tickets/jorhat-to-tinsukia,Jorhat to Tinsukia
Assam State Transport Corporation (ASTC) - 152652,Bharat Benz A/C Seater (2+2),07:45,13:00,05h 15m,INR 298,20 Seats available,"4.5
58",https://www.redbus.in/bus-tickets/dhemaji-to-jorhat,Dhemaji to Jorhat
BLUE HILL TRAVELS INDIA LIMITED,NON A/C Seater Semi Sleeper (2+1),09:30,15:00,05h 30m,INR 400,31 Seats available,"3.4
35",https://www.redbus.in/bus-tickets/guwahati-to-biswanath-charali,Guwahati to Biswanath Charali
Mahi Travels(Under ASTC),A/C Seater (2+2),10:00,16:30,06h 30m,467,40 Seats available,"4.2
171",https://www.redbus.in/bus-tickets/guwahati-to-biswanath-charali,Guwahati to Biswanath Charali
Kanchan Travels,AC Seater (2+2),10:45,17:25,06h 40m,428,30 Seats available,"3.3
34",https://www.redbus.in/bus-tickets/guwahati-to-biswanath-charali,Guwahati to Biswanath Charali
Orient Transline,A/C Seater (2+1),11:30,17:10,05h 40m,INR 476.19,37 Seats available,"4.4
148",https://www.redbus.in/bus-tickets/guwahati-to-biswanath-charali,Guwahati to Biswanath Charali
Orient Transline,A/C Seater (2+1),12:45,19:10,06h 25m,INR 476.19,35 Seats available,"4.0
71",https://www.redbus.in/bus-tickets/guwahati-to-biswanath-charali,Guwahati to Biswanath Charali
Mahi Travels(Under ASTC),A/C Seater (2+2),14:15,19:20,05h 05m,477,44 Seats available,"4.5
106",https://www.redbus.in/bus-tickets/guwahati-to-biswanath-charali,Guwahati to Biswanath Charali
Aziba Travels,NON A/C Seater (2+1),05:45,11:50,06h 05m,396,35 Seats available,"4.6
26",https://www.redbus.in/bus-tickets/guwahati-to-biswanath-charali,Guwahati to Biswanath Charali
Mahi Travels(Under ASTC),Bharat Benz A/C Seater (2+2),10:30,17:00,06h 30m,437,35 Seats available,"2.7
26",https://www.redbus.in/bus-tickets/guwahati-to-biswanath-charali,Guwahati to Biswanath Charali
Laxmi Travels,A/C Seater (2+1),06:15,12:10,05h 55m,400,37 Seats available,3.6,https://www.redbus.in/bus-tickets/guwahati-to-biswanath-charali,Guwahati to Biswanath Charali
Yatra Travels,NON A/C Seater (2+1),07:00,12:40,05h 40m,425,32 Seats available,"4.1
92",https://www.redbus.in/bus-tickets/guwahati-to-biswanath-charali,Guwahati to Biswanath Charali
Chartered Bus - ASTC,A/C Seater Push Back (2+2),07:00,12:00,05h 00m,INR 550.23,30 Seats available,"4.7
92",https://www.redbus.in/bus-tickets/guwahati-to-biswanath-charali,Guwahati to Biswanath Charali
Pranjit Travels (Under ASTC),NON A/C Seater (2+1),07:45,15:00,07h 15m,450,34 Seats available,"3.6
27",https://www.redbus.in/bus-tickets/guwahati-to-biswanath-charali,Guwahati to Biswanath Charali
Yatra Travels,NON AC Seater/ Sleeper (2+1),18:45,00:00,05h 15m,425,47 Seats available,"4.4
33",https://www.redbus.in/bus-tickets/guwahati-to-biswanath-charali,Guwahati to Biswanath Charali
Orient Transline,A/C Seater (2+1),12:15,18:00,05h 45m,INR 476.19,34 Seats available,"4.6
15",https://www.redbus.in/bus-tickets/guwahati-to-biswanath-charali,Guwahati to Biswanath Charali
Yatra Travels,NON A/C Seater (2+1),18:00,01:30,07h 30m,425,32 Seats available,"3.3
42",https://www.redbus.in/bus-tickets/guwahati-to-biswanath-charali,Guwahati to Biswanath Charali
Laxmi Travels,Bharat Benz A/C Seater /Sleeper (2+1),18:15,00:10,05h 55m,630,1 Seat available,"3.6
22",https://www.redbus.in/bus-tickets/guwahati-to-biswanath-charali,Guwahati to Biswanath Charali
BLUE HILL TRAVELS INDIA LIMITED,NON A/C Seater Semi Sleeper (2+1),20:00,02:00,06h 00m,400,31 Seats available,3.4,https://www.redbus.in/bus-tickets/guwahati-to-biswanath-charali,Guwahati to Biswanath Charali
Yatra Travels,A/C Seater / Sleeper (2+1),20:00,03:15,07h 15m,525,45 Seats available,4.1,https://www.redbus.in/bus-tickets/guwahati-to-biswanath-charali,Guwahati to Biswanath Charali
RAYAN TRAVELS,Non A/C Seater / Sleeper (2+1),19:30,02:15,06h 45m,INR 500,47 Seats available,"3.2
15",https://www.redbus.in/bus-tickets/guwahati-to-biswanath-charali,Guwahati to Biswanath Charali
Pranjit Travels (Under ASTC),NON A/C (2+1),20:15,01:30,05h 15m,450,29 Seats available,3.6,https://www.redbus.in/bus-tickets/guwahati-to-biswanath-charali,Guwahati to Biswanath Charali
Assam State Transport Corporation (ASTC) - 96880,A/C Seater (2+1),08:00,16:00,08h 00m,INR 463,28 Seats available,"3.5
77",https://www.redbus.in/bus-tickets/tezpur-to-dibrugarh,Tezpur to Dibrugarh
Aniruddha Travels,AC Seater (2+2),07:50,16:15,08h 25m,570,43 Seats available,"4.1
143",https://www.redbus.in/bus-tickets/tezpur-to-dibrugarh,Tezpur to Dibrugarh
Aniruddha Travels,NON A/C Seater/ Sleeper (2+1),19:30,04:00,08h 30m,570,45 Seats available,"3.6
157",https://www.redbus.in/bus-tickets/tezpur-to-dibrugarh,Tezpur to Dibrugarh
Puja Transport,NON AC Seater / Sleeper 2+1,20:00,04:30,08h 30m,585,23 Seats available,"3.4
44",https://www.redbus.in/bus-tickets/tezpur-to-dibrugarh,Tezpur to Dibrugarh
Puja Transport,Non AC Seater (2+2),20:00,05:00,09h 00m,540,27 Seats available,"3.4
20",https://www.redbus.in/bus-tickets/tezpur-to-dibrugarh,Tezpur to Dibrugarh
SANJEEBANI TRAVELS,Non A/C Seater / Sleeper (2+1),21:30,05:00,07h 30m,570,47 Seats available,"3.9
7",https://www.redbus.in/bus-tickets/tezpur-to-dibrugarh,Tezpur to Dibrugarh
MOON TRAVELS,AC Seater (2+2),07:15,15:20,08h 05m,INR 550,38 Seats available,"2.9
27",https://www.redbus.in/bus-tickets/tezpur-to-dibrugarh,Tezpur to Dibrugarh
J.S. Travels,Non AC Seater (2+1),20:30,04:00,07h 30m,INR 550,32 Seats available,"2.5
23",https://www.redbus.in/bus-tickets/tezpur-to-dibrugarh,Tezpur to Dibrugarh
Neha Travels,NON A/C Seater (2+2),22:30,06:30,08h 00m,644,35 Seats available,"1.6
6",https://www.redbus.in/bus-tickets/tezpur-to-dibrugarh,Tezpur to Dibrugarh
Neha Travels,NON A/C Seater (2+2),22:10,04:00,05h 50m,666,35 Seats available,"2.0
4",https://www.redbus.in/bus-tickets/tezpur-to-dibrugarh,Tezpur to Dibrugarh
KIRTI TRAVELS,NON A/C Seater/ Sleeper (2+1),20:00,04:30,08h 30m,INR 550,47 Seats available, ,https://www.redbus.in/bus-tickets/tezpur-to-dibrugarh,Tezpur to Dibrugarh
Maa Jagadamba,A/C Seater Push Back (2+2),09:20,14:15,04h 55m,INR 240,41 Seats available,3.4,https://www.redbus.in/bus-tickets/north-lakhimpur-to-dibrugarh,North Lakhimpur to Dibrugarh
Maa Jagadamba,A/C Seater Push Back (2+2),09:40,14:25,04h 45m,INR 240,41 Seats available,"3.4
12",https://www.redbus.in/bus-tickets/north-lakhimpur-to-dibrugarh,North Lakhimpur to Dibrugarh
BARBIE TRAVELS,NON A/C Hi-Tech Push Back (2+2),06:00,10:20,04h 20m,INR 240,40 Seats available,2.8,https://www.redbus.in/bus-tickets/north-lakhimpur-to-dibrugarh,North Lakhimpur to Dibrugarh
BARBIE TRAVELS,NON A/C Hi-Tech Push Back (2+2),07:55,12:30,04h 35m,INR 240,40 Seats available,2.8,https://www.redbus.in/bus-tickets/north-lakhimpur-to-dibrugarh,North Lakhimpur to Dibrugarh
BARBIE TRAVELS,A/C Seater Push Back (2+2),10:20,13:40,03h 20m,INR 280,40 Seats available,"2.8
7",https://www.redbus.in/bus-tickets/north-lakhimpur-to-dibrugarh,North Lakhimpur to Dibrugarh
Air Bus Travels,NON AC Seater / Sleeper 2+1,21:00,03:00,06h 00m,INR 400,46 Seats available,"3.9
7",https://www.redbus.in/bus-tickets/north-lakhimpur-to-dibrugarh,North Lakhimpur to Dibrugarh
Assam State Transport Corporation (ASTC) - 170878,Bharat Benz A/C Seater (2+2),07:00,10:35,03h 35m,INR 333,32 Seats available,"4.4
44",https://www.redbus.in/bus-tickets/north-lakhimpur-to-tezpur,North Lakhimpur to Tezpur
Sparrow Travels (Under ASTC),A/C Seater Push Back (2+2),10:40,16:00,05h 20m,INR 420,40 Seats available,3.2,https://www.redbus.in/bus-tickets/north-lakhimpur-to-tezpur,North Lakhimpur to Tezpur
Sparrow Travels (Under ASTC),Non AC Seater (2+2),12:30,18:45,06h 15m,INR 350,40 Seats available,3.2,https://www.redbus.in/bus-tickets/north-lakhimpur-to-tezpur,North Lakhimpur to Tezpur
Mahadev K.P.,Tata A/C Seater (2+2),05:00,10:15,05h 15m,INR 460,41 Seats available,1.8,https://www.redbus.in/bus-tickets/north-lakhimpur-to-tezpur,North Lakhimpur to Tezpur
Tuk Tuk(Dhon Dhon),NON A/C Seater (2+2),05:30,09:30,04h 00m,271,41 Seats available,New,https://www.redbus.in/bus-tickets/north-lakhimpur-to-tezpur,North Lakhimpur to Tezpur
Mahadev K.P.,Tata A/C Seater (2+2),05:20,10:30,05h 10m,INR 460,41 Seats available,"1.8
3",https://www.redbus.in/bus-tickets/north-lakhimpur-to-tezpur,North Lakhimpur to Tezpur
Tuk Tuk(Dhon Dhon),NON A/C Seater (2+2),06:10,10:40,04h 30m,271,41 Seats available,New,https://www.redbus.in/bus-tickets/north-lakhimpur-to-tezpur,North Lakhimpur to Tezpur
Tuk Tuk(Dhon Dhon),NON A/C Seater (2+2),06:40,11:10,04h 30m,271,41 Seats available,New,https://www.redbus.in/bus-tickets/north-lakhimpur-to-tezpur,North Lakhimpur to Tezpur
Aziba Travels,NON A/C Seater (2+1),05:35,09:45,04h 10m,396,35 Seats available,4.1,https://www.redbus.in/bus-tickets/north-lakhimpur-to-tezpur,North Lakhimpur to Tezpur
Tuk Tuk(Dhon Dhon),NON A/C Seater (2+2),06:50,10:20,03h 30m,271,41 Seats available,New,https://www.redbus.in/bus-tickets/north-lakhimpur-to-tezpur,North Lakhimpur to Tezpur
Tuk Tuk(Dhon Dhon),NON A/C Seater (2+2),07:00,11:00,04h 00m,271,41 Seats available,New,https://www.redbus.in/bus-tickets/north-lakhimpur-to-tezpur,North Lakhimpur to Tezpur
Pranjit Travels (Under ASTC),NON A/C (2+1),07:15,11:30,04h 15m,405,37 Seats available,"3.5
5",https://www.redbus.in/bus-tickets/north-lakhimpur-to-tezpur,North Lakhimpur to Tezpur
Debarath,A/C Seater Hi-Tech Push Back (2+2),10:00,15:45,05h 45m,INR 460,40 Seats available,"1.5
3",https://www.redbus.in/bus-tickets/north-lakhimpur-to-tezpur,North Lakhimpur to Tezpur
B.M. Travels (Swastidut) - Under ASTC,Non AC Seater (2+2),10:30,16:20,05h 50m,INR 320,41 Seats available,"1.7
2",https://www.redbus.in/bus-tickets/north-lakhimpur-to-tezpur,North Lakhimpur to Tezpur
Pranjit Travels (Under ASTC),Non AC Seater (2+1),06:30,10:30,04h 00m,405,28 Seats available,3.6,https://www.redbus.in/bus-tickets/north-lakhimpur-to-tezpur,North Lakhimpur to Tezpur
Mayur Travels (Under ASTC),Non AC Seater (2+2),12:15,18:00,05h 45m,INR 350,43 Seats available,2.8,https://www.redbus.in/bus-tickets/north-lakhimpur-to-tezpur,North Lakhimpur to Tezpur
Pranjit Travels (Under ASTC),Non AC Seater (2+1),05:45,10:55,05h 10m,450,37 Seats available,3.6,https://www.redbus.in/bus-tickets/north-lakhimpur-to-tezpur,North Lakhimpur to Tezpur
Chartered Bus - ASTC,A/C Seater Push Back (2+2),07:45,11:30,03h 45m,INR 550.23,39 Seats available,"4.9
8",https://www.redbus.in/bus-tickets/north-lakhimpur-to-tezpur,North Lakhimpur to Tezpur
Laxmi Travels,Bharat Benz A/C Seater /Sleeper (2+1),20:50,00:45,03h 55m,450,45 Seats available,4.0,https://www.redbus.in/bus-tickets/north-lakhimpur-to-tezpur,North Lakhimpur to Tezpur
Ruma Travels (Under ASTC),Non AC Seater (2+2),08:30,15:30,07h 00m,INR 350,41 Seats available,1.2,https://www.redbus.in/bus-tickets/north-lakhimpur-to-tezpur,North Lakhimpur to Tezpur
DESTINY TRAVELS,NON AC Seater / Sleeper 2+1,18:30,23:00,04h 30m,364,35 Seats available,2.2,https://www.redbus.in/bus-tickets/north-lakhimpur-to-tezpur,North Lakhimpur to Tezpur
Assam State Transport Corporation (ASTC) - 166134,Bharat Benz A/C Seater (2+2),10:30,15:30,05h 00m,INR 207,35 Seats available,"3.8
135",https://www.redbus.in/bus-tickets/dibrugarh-to-jorhat,Dibrugarh to Jorhat
Aroti Travels (Under ASTC),Non AC Seater (2+2),06:45,10:00,03h 15m,INR 275,37 Seats available,"4.2
66",https://www.redbus.in/bus-tickets/dibrugarh-to-jorhat,Dibrugarh to Jorhat
NETWORK TRAVELS,A/C Seater Push Back (2+1),07:15,10:45,03h 30m,400,33 Seats available,"4.0
31",https://www.redbus.in/bus-tickets/dibrugarh-to-jorhat,Dibrugarh to Jorhat
Aniruddha Travels,AC Seater (2+2),07:30,11:10,03h 40m,570,44 Seats available,"3.3
6",https://www.redbus.in/bus-tickets/dibrugarh-to-jorhat,Dibrugarh to Jorhat
SHIVAM TRAVELS,Bharat Benz A/C Seater (2+1),07:30,11:15,03h 45m,INR 450,24 Seats available,"4.7
13",https://www.redbus.in/bus-tickets/dibrugarh-to-jorhat,Dibrugarh to Jorhat
Atlanta Travels,Volvo A/C Seater (2+2),07:45,11:00,03h 15m,495,45 Seats available,New,https://www.redbus.in/bus-tickets/dibrugarh-to-jorhat,Dibrugarh to Jorhat
Christina Travels,NON A/C Seater (2+2),07:45,11:45,04h 00m,580,45 Seats available,3.2,https://www.redbus.in/bus-tickets/dibrugarh-to-jorhat,Dibrugarh to Jorhat
Maa Laxmi,NON A/C Seater Push Back (2+1),17:00,21:30,04h 30m,350,36 Seats available,"5.0
4",https://www.redbus.in/bus-tickets/dibrugarh-to-jorhat,Dibrugarh to Jorhat
Trishul Transport Service,A/C Seater / Sleeper (2+1),19:15,22:55,03h 40m,450,50 Seats available,"4.3
8",https://www.redbus.in/bus-tickets/dibrugarh-to-jorhat,Dibrugarh to Jorhat
Baikuntha Transport Service,Bharat Benz A/C Seater /Sleeper (2+1),19:30,23:15,03h 45m,400,40 Seats available,"3.3
30",https://www.redbus.in/bus-tickets/dibrugarh-to-jorhat,Dibrugarh to Jorhat
Chartered Bus - ASTC,A/C Seater Push Back (2+2),08:00,11:00,03h 00m,INR 541.16,21 Seats available,"4.7
90",https://www.redbus.in/bus-tickets/dibrugarh-to-jorhat,Dibrugarh to Jorhat
Ankur Travels (Under ASTC),NON A/C Push Back (2+2),14:45,19:30,04h 45m,INR 250,37 Seats available,3.0,https://www.redbus.in/bus-tickets/dibrugarh-to-jorhat,Dibrugarh to Jorhat
Purple Wings Coaches,A/C Seater / Sleeper (2+1),20:00,00:20,04h 20m,585,44 Seats available,4.0,https://www.redbus.in/bus-tickets/dibrugarh-to-jorhat,Dibrugarh to Jorhat
Murugan RC Travels,NON A/C Seater (2+1),18:55,23:00,04h 05m,543,34 Seats available,2.5,https://www.redbus.in/bus-tickets/dibrugarh-to-jorhat,Dibrugarh to Jorhat
Assam State Transport Corporation (ASTC) - 173043,Non AC Seater (2+2),07:30,09:30,02h 00m,INR 150,32 Seats available,"3.0
21",https://www.redbus.in/bus-tickets/sibsagar-to-dhemaji,Sibsagar (Assam) to Dhemaji
Kanchan Travels,AC Seater (2+2),04:15,08:30,04h 15m,400,31 Seats available,"3.6
11",https://www.redbus.in/bus-tickets/biswanath-charali-to-guwahati,Biswanath Charali to Guwahati
Mahi Travels(Under ASTC),A/C Seater (2+2),04:30,08:55,04h 25m,447,38 Seats available,"4.4
130",https://www.redbus.in/bus-tickets/biswanath-charali-to-guwahati,Biswanath Charali to Guwahati
Orient Transline,A/C Seater (2+1),04:40,09:00,04h 20m,INR 476.19,37 Seats available,"4.5
79",https://www.redbus.in/bus-tickets/biswanath-charali-to-guwahati,Biswanath Charali to Guwahati
Mahi Travels(Under ASTC),Bharat Benz A/C Seater (2+2),05:00,09:40,04h 40m,409,35 Seats available,"3.6
72",https://www.redbus.in/bus-tickets/biswanath-charali-to-guwahati,Biswanath Charali to Guwahati
Orient Transline,A/C Seater (2+1),05:30,10:10,04h 40m,INR 476.19,30 Seats available,"4.4
32",https://www.redbus.in/bus-tickets/biswanath-charali-to-guwahati,Biswanath Charali to Guwahati
Orient Transline,A/C Seater (2+1),06:10,11:00,04h 50m,INR 476.19,34 Seats available,"4.5
108",https://www.redbus.in/bus-tickets/biswanath-charali-to-guwahati,Biswanath Charali to Guwahati
Mahi Travels(Under ASTC),A/C Seater (2+2),06:30,11:40,05h 10m,477,42 Seats available,"4.3
99",https://www.redbus.in/bus-tickets/biswanath-charali-to-guwahati,Biswanath Charali to Guwahati
Aziba Travels,NON A/C Seater (2+1),08:45,14:10,05h 25m,446,35 Seats available,"3.9
15",https://www.redbus.in/bus-tickets/biswanath-charali-to-guwahati,Biswanath Charali to Guwahati
BLUE HILL TRAVELS INDIA LIMITED,NON A/C Seater Semi Sleeper (2+1),20:00,03:00,07h 00m,INR 450,27 Seats available,"2.8
16",https://www.redbus.in/bus-tickets/biswanath-charali-to-guwahati,Biswanath Charali to Guwahati
DESTINY TRAVELS,NON AC Seater / Sleeper 2+1,21:30,04:15,06h 45m,399,35 Seats available,"1.2
4",https://www.redbus.in/bus-tickets/biswanath-charali-to-guwahati,Biswanath Charali to Guwahati
RAYAN TRAVELS,Non A/C Seater / Sleeper (2+1),00:00,06:00,06h 00m,INR 500,47 Seats available,"4.0
13",https://www.redbus.in/bus-tickets/biswanath-charali-to-guwahati,Biswanath Charali to Guwahati
Pranjit Travels (Under ASTC),A/C Seater / Sleeper (2+1),00:45,06:00,05h 15m,495,49 Seats available,"3.0
9",https://www.redbus.in/bus-tickets/biswanath-charali-to-guwahati,Biswanath Charali to Guwahati
Pranjit Travels (Under ASTC),Non AC Seater (2+1),00:15,06:30,06h 15m,450,27 Seats available,"3.8
15",https://www.redbus.in/bus-tickets/biswanath-charali-to-guwahati,Biswanath Charali to Guwahati
Pranjit Travels (Under ASTC),Bharat Benz A/C Seater (2+1),00:30,06:15,05h 45m,549,26 Seats available,"3.8
6",https://www.redbus.in/bus-tickets/biswanath-charali-to-guwahati,Biswanath Charali to Guwahati
Pranjit Travels (Under ASTC),Non AC Seater (2+1),09:00,15:00,06h 00m,450,37 Seats available,"3.2
35",https://www.redbus.in/bus-tickets/biswanath-charali-to-guwahati,Biswanath Charali to Guwahati
Pranjit Travels (Under ASTC),NON A/C Seater (2+1),09:45,15:45,06h 00m,450,27 Seats available,"3.6
14",https://www.redbus.in/bus-tickets/biswanath-charali-to-guwahati,Biswanath Charali to Guwahati
Pranjit Travels (Under ASTC),NON A/C (2+1),10:45,16:45,06h 00m,450,36 Seats available,"3.8
36",https://www.redbus.in/bus-tickets/biswanath-charali-to-guwahati,Biswanath Charali to Guwahati
Pranjit Travels (Under ASTC),Non AC Seater (2+1),10:45,16:45,06h 00m,450,37 Seats available,3.6,https://www.redbus.in/bus-tickets/biswanath-charali-to-guwahati,Biswanath Charali to Guwahati
Yatra Travels,NON A/C Seater (2+1),10:30,17:00,06h 30m,425,32 Seats available,"4.3
27",https://www.redbus.in/bus-tickets/biswanath-charali-to-guwahati,Biswanath Charali to Guwahati
Chartered Bus - ASTC,A/C Seater Push Back (2+2),11:00,16:15,05h 15m,INR 550.23,39 Seats available,"4.6
63",https://www.redbus.in/bus-tickets/biswanath-charali-to-guwahati,Biswanath Charali to Guwahati
BLUE HILL TRAVELS INDIA LIMITED,NON A/C Seater Semi Sleeper (2+1),20:30,03:15,06h 45m,450,27 Seats available,"4.4
28",https://www.redbus.in/bus-tickets/biswanath-charali-to-guwahati,Biswanath Charali to Guwahati
Pranjit Travels (Under ASTC),Non AC Seater (2+1),23:45,06:00,06h 15m,450,26 Seats available,"3.5
6",https://www.redbus.in/bus-tickets/biswanath-charali-to-guwahati,Biswanath Charali to Guwahati
Yatra Travels,NON A/C Seater/ Sleeper (2+1),23:50,06:30,06h 40m,425,42 Seats available,"4.9
6",https://www.redbus.in/bus-tickets/biswanath-charali-to-guwahati,Biswanath Charali to Guwahati
PARIJAT TRAVELS(UNDER ASTC),NON A/C Seater (2+1),23:50,06:30,06h 40m,INR 500,26 Seats available,"3.2
5",https://www.redbus.in/bus-tickets/biswanath-charali-to-guwahati,Biswanath Charali to Guwahati
Shopuris Travels,Non AC Seater (2+1),22:30,04:20,05h 50m,525,32 Seats available,2.7,https://www.redbus.in/bus-tickets/biswanath-charali-to-guwahati,Biswanath Charali to Guwahati
Aroti Travels (Under ASTC),Non AC Seater (2+2),05:40,10:00,04h 20m,360,37 Seats available,"3.3
25",https://www.redbus.in/bus-tickets/tinsukia-to-jorhat,Tinsukia to Jorhat
Aniruddha Travels,AC Seater (2+2),06:00,11:10,05h 10m,570,44 Seats available,"4.2
8",https://www.redbus.in/bus-tickets/tinsukia-to-jorhat,Tinsukia to Jorhat
Atlanta Travels,Volvo A/C Seater (2+2),06:40,11:00,04h 20m,540,43 Seats available,New,https://www.redbus.in/bus-tickets/tinsukia-to-jorhat,Tinsukia to Jorhat
Chartered Bus - ASTC,A/C Seater Push Back (2+2),06:45,11:00,04h 15m,INR 604.69,21 Seats available,"4.4
50",https://www.redbus.in/bus-tickets/tinsukia-to-jorhat,Tinsukia to Jorhat
Christina Travels,NON A/C Seater (2+2),07:00,11:45,04h 45m,550,45 Seats available,3.2,https://www.redbus.in/bus-tickets/tinsukia-to-jorhat,Tinsukia to Jorhat
MADHURIKA TRAVELS,A/C Seater (2+1),07:15,12:30,05h 15m,INR 650,33 Seats available,"4.1
22",https://www.redbus.in/bus-tickets/tinsukia-to-jorhat,Tinsukia to Jorhat
NETWORK TRAVELS,Non A/C Seater / Sleeper (2+1),17:00,23:00,06h 00m,450,50 Seats available,"4.2
9",https://www.redbus.in/bus-tickets/tinsukia-to-jorhat,Tinsukia to Jorhat
NETWORK TRAVELS,NON A/C Seater Push Back (2+1),19:00,00:30,05h 30m,500,35 Seats available,"4.9
22",https://www.redbus.in/bus-tickets/tinsukia-to-jorhat,Tinsukia to Jorhat
Pooja Travels,NON A/C Seater (2+1),17:30,22:30,05h 00m,INR 550,24 Seats available,3.3,https://www.redbus.in/bus-tickets/tinsukia-to-jorhat,Tinsukia to Jorhat
Purple Wings Coaches,A/C Seater / Sleeper (2+1),18:50,00:20,05h 30m,602,44 Seats available,"2.6
13",https://www.redbus.in/bus-tickets/tinsukia-to-jorhat,Tinsukia to Jorhat
Assam State Transport Corporation (ASTC) - 147556,Bharat Benz A/C Seater (2+2),12:30,15:45,03h 15m,INR 235.62,35 Seats available,"4.1
65",https://www.redbus.in/bus-tickets/dibrugarh-to-north-lakhimpur,Dibrugarh to North Lakhimpur
BARBIE TRAVELS,NON A/C Hi-Tech Push Back (2+2),11:10,15:30,04h 20m,INR 240,40 Seats available,3.0,https://www.redbus.in/bus-tickets/dibrugarh-to-north-lakhimpur,Dibrugarh to North Lakhimpur
BARBIE TRAVELS,NON A/C Hi-Tech Push Back (2+2),13:30,18:30,05h 00m,INR 240,40 Seats available,3.0,https://www.redbus.in/bus-tickets/dibrugarh-to-north-lakhimpur,Dibrugarh to North Lakhimpur
BARBIE TRAVELS,NON A/C Hi-Tech Push Back (2+2),15:30,19:30,04h 00m,INR 240,40 Seats available,3.0,https://www.redbus.in/bus-tickets/dibrugarh-to-north-lakhimpur,Dibrugarh to North Lakhimpur
Maa Jagadamba,A/C Seater Push Back (2+2),16:15,19:30,03h 15m,INR 240,41 Seats available,"4.1
15",https://www.redbus.in/bus-tickets/dibrugarh-to-north-lakhimpur,Dibrugarh to North Lakhimpur
Maa Jagadamba,A/C Seater Push Back (2+2),16:20,19:30,03h 10m,INR 240,41 Seats available,4.1,https://www.redbus.in/bus-tickets/dibrugarh-to-north-lakhimpur,Dibrugarh to North Lakhimpur
Air Bus Travels,NON AC Seater / Sleeper 2+1,19:40,01:00,05h 20m,INR 400,46 Seats available,"4.4
9",https://www.redbus.in/bus-tickets/dibrugarh-to-north-lakhimpur,Dibrugarh to North Lakhimpur
Air Bus Travels,NON AC Seater / Sleeper 2+1,21:15,02:00,04h 45m,INR 400,46 Seats available,"3.7
4",https://www.redbus.in/bus-tickets/dibrugarh-to-north-lakhimpur,Dibrugarh to North Lakhimpur
Assam State Transport Corporation (ASTC) - 175508,NON A/C Seater Push Back (2+1),06:30,13:15,06h 45m,INR 390,26 Seats available,"4.5
14",https://www.redbus.in/bus-tickets/biswanath-charali-to-dibrugarh,Biswanath Charali to Dibrugarh
Air Bus Travels,NON AC Seater / Sleeper 2+1,18:30,02:00,07h 30m,INR 600,46 Seats available,"3.2
19",https://www.redbus.in/bus-tickets/biswanath-charali-to-dibrugarh,Biswanath Charali to Dibrugarh
Assam State Transport Corporation (ASTC) - 163953,NON A/C Seater Push Back (2+1),08:30,16:00,07h 30m,INR 400,23 Seats available,"3.4
53",https://www.redbus.in/bus-tickets/dibrugarh-to-tezpur,Dibrugarh to Tezpur
Aniruddha Travels,AC Seater (2+2),07:30,15:35,08h 05m,570,38 Seats available,"4.3
131",https://www.redbus.in/bus-tickets/dibrugarh-to-tezpur,Dibrugarh to Tezpur
Aniruddha Travels,NON A/C Seater/ Sleeper (2+1),19:45,04:00,08h 15m,570,45 Seats available,"3.0
123",https://www.redbus.in/bus-tickets/dibrugarh-to-tezpur,Dibrugarh to Tezpur
Puja Transport,NON AC Seater / Sleeper 2+1,20:20,05:00,08h 40m,540,44 Seats available,"3.2
83",https://www.redbus.in/bus-tickets/dibrugarh-to-tezpur,Dibrugarh to Tezpur
J.S. Travels,Non AC Seater (2+1),19:00,04:00,09h 00m,INR 500,32 Seats available,"1.9
23",https://www.redbus.in/bus-tickets/dibrugarh-to-tezpur,Dibrugarh to Tezpur
SANJEEBANI TRAVELS,Non A/C Seater / Sleeper (2+1),18:45,03:00,08h 15m,570,50 Seats available,"2.7
9",https://www.redbus.in/bus-tickets/dibrugarh-to-tezpur,Dibrugarh to Tezpur
Puja Transport,Non AC Seater (2+2),19:15,04:00,08h 45m,540,35 Seats available,"1.9
10",https://www.redbus.in/bus-tickets/dibrugarh-to-tezpur,Dibrugarh to Tezpur
Maa Laxmi,NON A/C Seater Push Back (2+1),17:00,02:00,09h 00m,543,36 Seats available,2.9,https://www.redbus.in/bus-tickets/dibrugarh-to-tezpur,Dibrugarh to Tezpur
Neha Travels,NON A/C Seater (2+2),17:15,05:00,11h 45m,639,35 Seats available,2.7,https://www.redbus.in/bus-tickets/dibrugarh-to-tezpur,Dibrugarh to Tezpur
Mayur Travels (Under ASTC),Non AC Seater (2+2),05:45,11:30,05h 45m,INR 350,43 Seats available,"2.8
4",https://www.redbus.in/bus-tickets/tezpur-to-north-lakhimpur,Tezpur to North Lakhimpur
Sparrow Travels (Under ASTC),Non AC Seater (2+2),06:30,12:00,05h 30m,INR 350,40 Seats available,"2.5
7",https://www.redbus.in/bus-tickets/tezpur-to-north-lakhimpur,Tezpur to North Lakhimpur
Tuk Tuk(Dhon Dhon),NON A/C Seater (2+2),10:50,16:35,05h 45m,233,41 Seats available,New,https://www.redbus.in/bus-tickets/tezpur-to-north-lakhimpur,Tezpur to North Lakhimpur
Mahadev K.P.,Tata A/C Seater (2+2),11:00,18:15,07h 15m,INR 460,41 Seats available,1.8,https://www.redbus.in/bus-tickets/tezpur-to-north-lakhimpur,Tezpur to North Lakhimpur
Tuk Tuk(Dhon Dhon),NON A/C Seater (2+2),11:40,16:15,04h 35m,271,41 Seats available,New,https://www.redbus.in/bus-tickets/tezpur-to-north-lakhimpur,Tezpur to North Lakhimpur
Mahadev K.P.,Tata A/C Seater (2+2),11:30,18:30,07h 00m,INR 460,41 Seats available,1.8,https://www.redbus.in/bus-tickets/tezpur-to-north-lakhimpur,Tezpur to North Lakhimpur
Tuk Tuk(Dhon Dhon),NON A/C Seater (2+2),12:50,19:00,06h 10m,271,41 Seats available,New,https://www.redbus.in/bus-tickets/tezpur-to-north-lakhimpur,Tezpur to North Lakhimpur
Tuk Tuk(Dhon Dhon),NON A/C Seater (2+2),13:10,19:25,06h 15m,271,41 Seats available,New,https://www.redbus.in/bus-tickets/tezpur-to-north-lakhimpur,Tezpur to North Lakhimpur
Tuk Tuk(Dhon Dhon),NON A/C Seater (2+2),14:00,18:00,04h 00m,271,41 Seats available,New,https://www.redbus.in/bus-tickets/tezpur-to-north-lakhimpur,Tezpur to North Lakhimpur
Aziba Travels,NON A/C Seater (2+1),10:40,15:00,04h 20m,396,35 Seats available,"3.1
11",https://www.redbus.in/bus-tickets/tezpur-to-north-lakhimpur,Tezpur to North Lakhimpur
Pranjit Travels (Under ASTC),NON A/C (2+1),00:30,05:45,05h 15m,450,29 Seats available,3.9,https://www.redbus.in/bus-tickets/tezpur-to-north-lakhimpur,Tezpur to North Lakhimpur
PANKAJ TRAVELS,AC Seater (2+2),10:00,15:00,05h 00m,438,33 Seats available,3.1,https://www.redbus.in/bus-tickets/tezpur-to-north-lakhimpur,Tezpur to North Lakhimpur
Pranjit Travels (Under ASTC),Non AC Seater (2+1),13:10,18:30,05h 20m,450,36 Seats available,"4.2
14",https://www.redbus.in/bus-tickets/tezpur-to-north-lakhimpur,Tezpur to North Lakhimpur
Chartered Bus - ASTC,A/C Seater Push Back (2+2),11:00,15:00,04h 00m,INR 550.23,30 Seats available,"3.7
31",https://www.redbus.in/bus-tickets/tezpur-to-north-lakhimpur,Tezpur to North Lakhimpur
Laxmi Travels,A/C Seater (2+1),11:15,17:00,05h 45m,625,37 Seats available,4.0,https://www.redbus.in/bus-tickets/tezpur-to-north-lakhimpur,Tezpur to North Lakhimpur
Ruma Travels (Under ASTC),Non AC Seater (2+2),09:00,14:40,05h 40m,INR 350,41 Seats available,"1.0
2",https://www.redbus.in/bus-tickets/tezpur-to-north-lakhimpur,Tezpur to North Lakhimpur
DESTINY TRAVELS,NON AC Seater / Sleeper 2+1,23:00,04:15,05h 15m,465,35 Seats available,"1.4
4",https://www.redbus.in/bus-tickets/tezpur-to-north-lakhimpur,Tezpur to North Lakhimpur
DESTINY TRAVELS,NON A/C Seater (2+1),23:45,04:15,04h 30m,451,32 Seats available,1.4,https://www.redbus.in/bus-tickets/tezpur-to-north-lakhimpur,Tezpur to North Lakhimpur
Air Bus Travels,NON AC Seater / Sleeper 2+1,19:40,05:00,09h 20m,INR 600,46 Seats available,"3.5
45",https://www.redbus.in/bus-tickets/dibrugarh-to-biswanath-charali,Dibrugarh to Biswanath Charali
Pranjit Travels (Under ASTC),A/C Seater / Sleeper (2+1),20:45,06:30,09h 45m,630,44 Seats available,"4.3
204",https://www.redbus.in/bus-tickets/guwahati-to-north-lakhimpur,Guwahati to North Lakhimpur
KIRAN TRAVELS,A/C Seater (2+1),20:40,06:45,10h 05m,550,23 Seats available,"4.2
278",https://www.redbus.in/bus-tickets/guwahati-to-north-lakhimpur,Guwahati to North Lakhimpur
Chartered Bus - ASTC,A/C Seater Push Back (2+2),07:00,15:00,08h 00m,INR 658.01,30 Seats available,"4.2
137",https://www.redbus.in/bus-tickets/guwahati-to-north-lakhimpur,Guwahati to North Lakhimpur
AdYatra Travels,A/C Seater / Sleeper (2+1),20:00,06:00,10h 00m,625,45 Seats available,"4.1
17",https://www.redbus.in/bus-tickets/guwahati-to-north-lakhimpur,Guwahati to North Lakhimpur
Yatra Travels,NON AC Seater/ Sleeper (2+1),18:45,04:00,09h 15m,525,47 Seats available,"4.1
148",https://www.redbus.in/bus-tickets/guwahati-to-north-lakhimpur,Guwahati to North Lakhimpur
Pranjit Travels (Under ASTC),Bharat Benz A/C Seater (2+1),21:30,07:15,09h 45m,675,27 Seats available,"3.9
201",https://www.redbus.in/bus-tickets/guwahati-to-north-lakhimpur,Guwahati to North Lakhimpur
Pranjit Travels (Under ASTC),NON A/C Seater (2+1),07:45,18:30,10h 45m,585,34 Seats available,"4.2
84",https://www.redbus.in/bus-tickets/guwahati-to-north-lakhimpur,Guwahati to North Lakhimpur
Yatra Travels,NON AC Seater/ Sleeper (2+1),20:30,05:10,08h 40m,525,44 Seats available,"4.1
89",https://www.redbus.in/bus-tickets/guwahati-to-north-lakhimpur,Guwahati to North Lakhimpur
Yatra Travels,NON A/C Seater (2+1),07:00,15:45,08h 45m,525,22 Seats available,"3.7
118",https://www.redbus.in/bus-tickets/guwahati-to-north-lakhimpur,Guwahati to North Lakhimpur
RAYAN TRAVELS,Non A/C Seater / Sleeper (2+1),19:30,05:20,09h 50m,540,47 Seats available,"3.8
52",https://www.redbus.in/bus-tickets/guwahati-to-north-lakhimpur,Guwahati to North Lakhimpur
NETWORK TRAVELS,NON A/C Seater (2+1),06:30,15:00,08h 30m,570,27 Seats available,"4.6
40",https://www.redbus.in/bus-tickets/guwahati-to-north-lakhimpur,Guwahati to North Lakhimpur
Pranjit Travels (Under ASTC),NON A/C Seater (2+1),21:45,07:15,09h 30m,585,27 Seats available,"4.1
142",https://www.redbus.in/bus-tickets/guwahati-to-north-lakhimpur,Guwahati to North Lakhimpur
Swapna Super(Under ASTC),Non AC Seater (2+1),16:30,03:00,10h 30m,540,32 Seats available,"4.4
4",https://www.redbus.in/bus-tickets/guwahati-to-north-lakhimpur,Guwahati to North Lakhimpur
Deep Travels,NON AC Seater / Sleeper 2+1,21:00,06:30,09h 30m,INR 549,45 Seats available,"4.1
178",https://www.redbus.in/bus-tickets/guwahati-to-north-lakhimpur,Guwahati to North Lakhimpur
Boithaboti Travels,A/C Seater Push Back (2+2),05:20,15:30,10h 10m,450,41 Seats available,New,https://www.redbus.in/bus-tickets/guwahati-to-north-lakhimpur,Guwahati to North Lakhimpur
Assam State Transport Corporation (ASTC) - 147552,Bharat Benz A/C Seater (2+2),06:30,10:45,04h 15m,INR 292.6,35 Seats available,"3.6
43",https://www.redbus.in/bus-tickets/bihpuria-to-dibrugarh,Bihpuria to Dibrugarh
Assam State Transport Corporation (ASTC) - 154034,A/C Seater (2+1),07:30,14:00,06h 30m,INR 316,31 Seats available,"4.3
13",https://www.redbus.in/bus-tickets/bokakhat-to-dibrugarh,Bokakhat to Dibrugarh
Purple Wings Coaches,A/C Seater / Sleeper (2+1),00:15,04:10,03h 55m,594,42 Seats available,"4.2
6",https://www.redbus.in/bus-tickets/bokakhat-to-dibrugarh,Bokakhat to Dibrugarh
Purple Wings Coaches,A/C Seater / Sleeper (2+1),00:30,04:10,03h 40m,639,22 Seats available,4.2,https://www.redbus.in/bus-tickets/bokakhat-to-dibrugarh,Bokakhat to Dibrugarh
Slumber 37,Bharat Benz A/C Sleeper (2+1),01:00,06:00,05h 00m,675,18 Seats available,4.3,https://www.redbus.in/bus-tickets/bokakhat-to-dibrugarh,Bokakhat to Dibrugarh
MOON TRAVELS,AC Seater (2+2),09:45,15:20,05h 35m,INR 550,40 Seats available,"4.0
7",https://www.redbus.in/bus-tickets/bokakhat-to-dibrugarh,Bokakhat to Dibrugarh
Aniruddha Travels,AC Seater (2+2),10:15,16:15,06h 00m,570,44 Seats available,"3.9
11",https://www.redbus.in/bus-tickets/bokakhat-to-dibrugarh,Bokakhat to Dibrugarh
SHIVAM TRAVELS,Bharat Benz A/C Seater (2+1),12:15,17:00,04h 45m,INR 660,28 Seats available,4.1,https://www.redbus.in/bus-tickets/bokakhat-to-dibrugarh,Bokakhat to Dibrugarh
Chartered Bus - ASTC,Volvo AC Seater Pushback 2+2,12:30,17:15,04h 45m,INR 680.7,26 Seats available,"4.8
12",https://www.redbus.in/bus-tickets/bokakhat-to-dibrugarh,Bokakhat to Dibrugarh
Bashudev Transline (Under ASTC),A/C Seater (2+1),12:35,18:00,05h 25m,INR 550,25 Seats available,"4.5
14",https://www.redbus.in/bus-tickets/bokakhat-to-dibrugarh,Bokakhat to Dibrugarh
Baikuntha Transport Service,Bharat Benz A/C Seater /Sleeper (2+1),02:00,07:15,05h 15m,449,50 Seats available,"1.3
5",https://www.redbus.in/bus-tickets/bokakhat-to-dibrugarh,Bokakhat to Dibrugarh
Christina Travels,NON A/C Seater (2+2),11:00,16:30,05h 30m,650,45 Seats available,"2.9
6",https://www.redbus.in/bus-tickets/bokakhat-to-dibrugarh,Bokakhat to Dibrugarh
Aniruddha Travels,NON A/C Seater/ Sleeper (2+1),23:15,04:00,04h 45m,570,46 Seats available,"2.2
6",https://www.redbus.in/bus-tickets/bokakhat-to-dibrugarh,Bokakhat to Dibrugarh
NETWORK TRAVELS,NON A/C Seater Push Back (2+2),17:30,06:00,12h 30m,INR 800,40 Seats available,"2.6
15",https://www.redbus.in/bus-tickets/guwahati-to-silchar,Guwahati to Silchar
NETWORK TRAVELS,NON A/C Seater (2+2),16:00,03:00,11h 00m,INR 1000,12 Seats available,"2.7
18",https://www.redbus.in/bus-tickets/guwahati-to-silchar,Guwahati to Silchar
BLUE HILL TRAVELS INDIA LIMITED,NON A/C Seater (2+1),20:00,07:30,11h 30m,630,31 Seats available,"1.5
22",https://www.redbus.in/bus-tickets/guwahati-to-silchar,Guwahati to Silchar
AR Travels,Non AC Seater (2+2),20:00,05:40,09h 40m,585,39 Seats available,"1.6
4",https://www.redbus.in/bus-tickets/guwahati-to-silchar,Guwahati to Silchar
Deep Travels,Non AC Seater (2+1),19:00,05:30,10h 30m,INR 650,35 Seats available,"2.7
111",https://www.redbus.in/bus-tickets/guwahati-to-silchar,Guwahati to Silchar
Jagannath Travels and Tours Pvt. Ltd.,NON A/C Seater Push Back (2+1),07:00,17:30,10h 30m,INR 800,35 Seats available,"1.7
60",https://www.redbus.in/bus-tickets/guwahati-to-silchar,Guwahati to Silchar
JAYSIKA,NON A/C Seater (2+1),18:30,06:00,11h 30m,INR 800,34 Seats available,"1.9
29",https://www.redbus.in/bus-tickets/guwahati-to-silchar,Guwahati to Silchar
Jagannath Travels and Tours Pvt. Ltd.,NON A/C Seater Push Back (2+1),20:00,07:00,11h 00m,INR 800,35 Seats available,"1.9
8",https://www.redbus.in/bus-tickets/guwahati-to-silchar,Guwahati to Silchar
Jagannath Travels and Tours Pvt. Ltd.,NON A/C Seater Push Back (2+1),19:00,06:00,11h 00m,INR 800,34 Seats available,1.9,https://www.redbus.in/bus-tickets/guwahati-to-silchar,Guwahati to Silchar
Assam State Transport Corporation (ASTC) - 173044,Non AC Seater (2+2),13:00,15:30,02h 30m,INR 170,32 Seats available,"3.1
19",https://www.redbus.in/bus-tickets/north-lakhimpur-to-moran,North Lakhimpur to Moran
Christina Travels,NON A/C Seater (2+2),06:00,09:00,03h 00m,650,45 Seats available,3.2,https://www.redbus.in/bus-tickets/guwahati-to-kaliabor,Guwahati to Kaliabor
Chartered Bus - ASTC,Volvo AC Seater Pushback 2+2,06:15,10:00,03h 45m,INR 334.68,38 Seats available,"4.5
20",https://www.redbus.in/bus-tickets/guwahati-to-kaliabor,Guwahati to Kaliabor
SHIVAM TRAVELS,NON A/C Seater (2+2),06:45,10:00,03h 15m,INR 370,37 Seats available,4.1,https://www.redbus.in/bus-tickets/guwahati-to-kaliabor,Guwahati to Kaliabor
Yatra Travels,A/C Seater / Sleeper (2+1),07:15,11:30,04h 15m,495,45 Seats available,4.1,https://www.redbus.in/bus-tickets/guwahati-to-kaliabor,Guwahati to Kaliabor
Chartered Bus - ASTC,Volvo AC Seater Pushback 2+2,07:30,10:45,03h 15m,INR 334.68,33 Seats available,"4.8
24",https://www.redbus.in/bus-tickets/guwahati-to-kaliabor,Guwahati to Kaliabor
TRINAYAN TRANSPORT (Under ASTC),A/C Seater (2+1),08:00,12:15,04h 15m,415,35 Seats available,3.8,https://www.redbus.in/bus-tickets/guwahati-to-kaliabor,Guwahati to Kaliabor
Mahi Travels(Under ASTC),A/C Seater (2+2),10:00,14:30,04h 30m,357,40 Seats available,"4.6
8",https://www.redbus.in/bus-tickets/guwahati-to-kaliabor,Guwahati to Kaliabor
Mahi Travels(Under ASTC),Bharat Benz A/C Seater (2+2),10:30,15:00,04h 30m,328,35 Seats available,3.9,https://www.redbus.in/bus-tickets/guwahati-to-kaliabor,Guwahati to Kaliabor
Kanchan Travels,AC Seater (2+2),10:45,14:45,04h 00m,326,30 Seats available,3.8,https://www.redbus.in/bus-tickets/guwahati-to-kaliabor,Guwahati to Kaliabor
Mahi Travels(Under ASTC),A/C Seater (2+2),14:15,17:30,03h 15m,377,44 Seats available,"3.4
12",https://www.redbus.in/bus-tickets/guwahati-to-kaliabor,Guwahati to Kaliabor
NEELKANTH TRAVELS,A/C Seater Push Back (2+2),09:05,14:00,04h 55m,INR 275,41 Seats available,4.3,https://www.redbus.in/bus-tickets/guwahati-to-kaliabor,Guwahati to Kaliabor
TRINAYAN TRANSPORT (Under ASTC),A/C Seater (2+1),20:15,01:15,05h 00m,415,35 Seats available,3.8,https://www.redbus.in/bus-tickets/guwahati-to-kaliabor,Guwahati to Kaliabor
Trishul Transport Service(Under ASTC),A/C Seater Push Back (2+1),11:30,14:45,03h 15m,509,32 Seats available,3.9,https://www.redbus.in/bus-tickets/guwahati-to-kaliabor,Guwahati to Kaliabor
Orient Transline,A/C Seater (2+1),11:30,15:00,03h 30m,INR 380.95,37 Seats available,4.2,https://www.redbus.in/bus-tickets/guwahati-to-kaliabor,Guwahati to Kaliabor
Orient Transline,A/C Seater (2+1),12:15,16:30,04h 15m,INR 380.95,34 Seats available,4.2,https://www.redbus.in/bus-tickets/guwahati-to-kaliabor,Guwahati to Kaliabor
Anindita Travels,NON A/C Seater (2+1),12:30,17:15,04h 45m,INR 500,37 Seats available,4.1,https://www.redbus.in/bus-tickets/guwahati-to-kaliabor,Guwahati to Kaliabor
Orient Transline,A/C Seater (2+1),12:45,16:20,03h 35m,INR 380.95,35 Seats available,4.2,https://www.redbus.in/bus-tickets/guwahati-to-kaliabor,Guwahati to Kaliabor
Yatra Travels,A/C Seater / Sleeper (2+1),21:00,01:15,04h 15m,495,45 Seats available,4.1,https://www.redbus.in/bus-tickets/guwahati-to-kaliabor,Guwahati to Kaliabor
BAIKUNTHA TRAVELS (UNDER ASTC),A/C Seater (2+1),20:00,23:15,03h 15m,479,50 Seats available,3.2,https://www.redbus.in/bus-tickets/guwahati-to-kaliabor,Guwahati to Kaliabor
Nishigandha(Divya Tours & Travels),A/C Seater / Sleeper (2+1),21:15,00:30,03h 15m,550,37 Seats available,New,https://www.redbus.in/bus-tickets/guwahati-to-kaliabor,Guwahati to Kaliabor
Rishi India Travels,Bharat Benz A/C Seater (2+1),06:45,10:00,03h 15m,450,38 Seats available,2.9,https://www.redbus.in/bus-tickets/guwahati-to-kaliabor,Guwahati to Kaliabor
Rishi India Travels,Non AC Seater (2+1),11:30,15:00,03h 30m,400,35 Seats available,2.9,https://www.redbus.in/bus-tickets/guwahati-to-kaliabor,Guwahati to Kaliabor
Rishi India Travels,Bharat Benz A/C Seater (2+1),13:15,16:15,03h 00m,450,38 Seats available,2.9,https://www.redbus.in/bus-tickets/guwahati-to-kaliabor,Guwahati to Kaliabor
Rishi India Travels,A/C Seater (2+1),15:15,18:20,03h 05m,450,35 Seats available,"2.9
6",https://www.redbus.in/bus-tickets/guwahati-to-kaliabor,Guwahati to Kaliabor
Puja (Kaybom),A/C Seater Push Back (2+2),17:30,17:50,00h 20m,285,40 Seats available,2.8,https://www.redbus.in/bus-tickets/guwahati-to-kaliabor,Guwahati to Kaliabor
Assam State Transport Corporation (ASTC) - 173043,Non AC Seater (2+2),08:30,11:30,03h 00m,INR 170,30 Seats available,"4.6
15",https://www.redbus.in/bus-tickets/moran-to-north-lakhimpur,Moran to North Lakhimpur
Assam State Transport Corporation (ASTC) - 163953,NON A/C Seater Push Back (2+1),09:30,16:00,06h 30m,INR 349,23 Seats available,"3.7
34",https://www.redbus.in/bus-tickets/moran-to-tezpur,Moran to Tezpur
Aniruddha Travels,AC Seater (2+2),08:25,15:35,07h 10m,570,42 Seats available,"4.4
42",https://www.redbus.in/bus-tickets/moran-to-tezpur,Moran to Tezpur
SANJEEBANI TRAVELS,Non A/C Seater / Sleeper (2+1),20:15,03:00,06h 45m,570,50 Seats available,"4.4
5",https://www.redbus.in/bus-tickets/moran-to-tezpur,Moran to Tezpur
Aniruddha Travels,NON A/C Seater/ Sleeper (2+1),20:45,04:00,07h 15m,570,46 Seats available,"2.4
27",https://www.redbus.in/bus-tickets/moran-to-tezpur,Moran to Tezpur
MOON TRAVELS,AC Seater (2+2),10:30,17:00,06h 30m,INR 550,40 Seats available,"2.9
6",https://www.redbus.in/bus-tickets/moran-to-tezpur,Moran to Tezpur
Maa Laxmi,NON A/C Seater Push Back (2+1),18:30,02:00,07h 30m,543,36 Seats available,2.9,https://www.redbus.in/bus-tickets/moran-to-tezpur,Moran to Tezpur
Neha Travels,NON A/C Seater (2+2),18:30,05:00,10h 30m,666,35 Seats available,2.7,https://www.redbus.in/bus-tickets/moran-to-tezpur,Moran to Tezpur
J.S. Travels,Non AC Seater (2+1),20:15,04:00,07h 45m,INR 500,32 Seats available,2.4,https://www.redbus.in/bus-tickets/moran-to-tezpur,Moran to Tezpur
Assam State Transport Corporation (ASTC) - 142178,Bharat Benz A/C Seater (2+2),05:40,13:00,07h 20m,INR 503,15 Seats available,"4.4
29",https://www.redbus.in/bus-tickets/golaghat-to-north-lakhimpur,Golaghat to North Lakhimpur
Purple Wings Coaches,A/C Seater / Sleeper (2+1),00:50,04:10,03h 20m,630,22 Seats available,4.0,https://www.redbus.in/bus-tickets/dergaon-to-dibrugarh,Dergaon to Dibrugarh
Purple Wings Coaches,A/C Seater / Sleeper (2+1),01:00,04:10,03h 10m,594,42 Seats available,4.0,https://www.redbus.in/bus-tickets/dergaon-to-dibrugarh,Dergaon to Dibrugarh
Baikuntha Transport Service,Bharat Benz A/C Seater /Sleeper (2+1),03:00,07:15,04h 15m,449,32 Seats available,3.2,https://www.redbus.in/bus-tickets/dergaon-to-dibrugarh,Dergaon to Dibrugarh
Atlanta Travels,Volvo A/C Seater (2+2),12:00,16:15,04h 15m,540,44 Seats available,New,https://www.redbus.in/bus-tickets/dergaon-to-dibrugarh,Dergaon to Dibrugarh
SHIVAM TRAVELS,Bharat Benz A/C Seater (2+1),12:55,17:00,04h 05m,INR 470,28 Seats available,"3.2
4",https://www.redbus.in/bus-tickets/dergaon-to-dibrugarh,Dergaon to Dibrugarh
Bashudev Transline (Under ASTC),A/C Seater (2+1),13:50,18:00,04h 10m,INR 550,26 Seats available,"4.9
8",https://www.redbus.in/bus-tickets/dergaon-to-dibrugarh,Dergaon to Dibrugarh
Aroti Travels (Under ASTC),Non AC Seater (2+2),11:30,16:20,04h 50m,297,37 Seats available,"2.2
8",https://www.redbus.in/bus-tickets/dergaon-to-dibrugarh,Dergaon to Dibrugarh
Christina Travels,NON A/C Seater (2+2),12:00,16:30,04h 30m,650,45 Seats available,"1.9
4",https://www.redbus.in/bus-tickets/dergaon-to-dibrugarh,Dergaon to Dibrugarh
Yatra Travels,NON A/C Seater (2+1),09:00,17:00,08h 00m,425,32 Seats available,"4.4
101",https://www.redbus.in/bus-tickets/gohpur-to-guwahati,Gohpur to Guwahati
Yatra Travels,NON AC Seater/ Sleeper (2+1),23:00,05:30,06h 30m,425,43 Seats available,"4.2
62",https://www.redbus.in/bus-tickets/gohpur-to-guwahati,Gohpur to Guwahati
Yatra Travels,NON AC Seater/ Sleeper (2+1),22:30,06:15,07h 45m,425,47 Seats available,"4.4
50",https://www.redbus.in/bus-tickets/gohpur-to-guwahati,Gohpur to Guwahati
KIRAN TRAVELS,A/C Seater (2+1),22:50,06:15,07h 25m,450,30 Seats available,"4.6
39",https://www.redbus.in/bus-tickets/gohpur-to-guwahati,Gohpur to Guwahati
Pranjit Travels (Under ASTC),NON A/C Seater (2+1),08:25,15:45,07h 20m,513,27 Seats available,"4.7
30",https://www.redbus.in/bus-tickets/gohpur-to-guwahati,Gohpur to Guwahati
Chartered Bus - ASTC,A/C Seater Push Back (2+2),09:30,16:15,06h 45m,INR 604.69,39 Seats available,"4.4
35",https://www.redbus.in/bus-tickets/gohpur-to-guwahati,Gohpur to Guwahati
Pranjit Travels (Under ASTC),A/C Seater / Sleeper (2+1),23:05,06:00,06h 55m,558,49 Seats available,"4.0
43",https://www.redbus.in/bus-tickets/gohpur-to-guwahati,Gohpur to Guwahati
Drishti Travels,NON A/C Seater (2+1),21:00,05:30,08h 30m,432,32 Seats available,"4.0
20",https://www.redbus.in/bus-tickets/gohpur-to-guwahati,Gohpur to Guwahati
Pranjit Travels (Under ASTC),Bharat Benz A/C Seater (2+1),22:45,06:15,07h 30m,585,28 Seats available,"4.1
35",https://www.redbus.in/bus-tickets/gohpur-to-guwahati,Gohpur to Guwahati
MAHARATHI TRANSPORT,NON A/C Seater (2+1),22:15,05:00,06h 45m,375,1 Seat available,"4.1
12",https://www.redbus.in/bus-tickets/gohpur-to-guwahati,Gohpur to Guwahati
Aziba Travels,NON A/C Seater (2+1),07:40,14:10,06h 30m,475,35 Seats available,"4.0
24",https://www.redbus.in/bus-tickets/gohpur-to-guwahati,Gohpur to Guwahati
Pranjit Travels (Under ASTC),NON A/C (2+1),09:20,16:45,07h 25m,513,36 Seats available,"3.8
27",https://www.redbus.in/bus-tickets/gohpur-to-guwahati,Gohpur to Guwahati
Drishti Travels,NON A/C Seater (2+1),21:00,05:00,08h 00m,432,32 Seats available,"3.8
23",https://www.redbus.in/bus-tickets/gohpur-to-guwahati,Gohpur to Guwahati
Yatra Travels,NON A/C Seater (2+1),22:35,06:15,07h 40m,425,32 Seats available,"3.8
24",https://www.redbus.in/bus-tickets/gohpur-to-guwahati,Gohpur to Guwahati
Yatra Travels,NON A/C Seater/ Sleeper (2+1),22:50,06:30,07h 40m,425,45 Seats available,"4.9
6",https://www.redbus.in/bus-tickets/gohpur-to-guwahati,Gohpur to Guwahati
